BattleDate,BattleNo,Attacker,Defender,Weapon,Result,Damage
15-May-23,5481,Calvin,SneakySue,Axe,Hit,87
15-May-23,5481,SneakySue,Calvin,Dagger,Miss,0
15-May-23,5481,SneakySue,Calvin,Dagger,Parry,0
15-May-23,5481,Calvin,SneakySue,Axe ,Hit,78
15-May-23,5481,SneakySue,Calvin,Dagger,Hit,14
15-May-23,5481,Calvin,SneakySue,Axe,Victory,112
19-Oct-2020,959316,forsakenOil9,thriftyDoughnut4,Broadsword,Parry,0
19-Oct-2020,959316,forsakenOil9,thriftyDoughnut4,Broadsword,Miss,0
19-Oct-2020,959316,thriftyDoughnut4,forsakenOil9,slingshot,Miss,0
19-Oct-2020,959316,forsakenOil9,thriftyDoughnut4,Broadsword,Hit,57
19-Oct-2020,959316,forsakenOil9,thriftyDoughnut4,Broadsword,Miss,0
19-Oct-2020,959316,forsakenOil9,thriftyDoughnut4,Broadsword,Parry,0
19-Oct-2020,959316,forsakenOil9,thriftyDoughnut4,Broadsword,Hit,26
19-Oct-2020,959316,forsakenOil9,thriftyDoughnut4,Broadsword,Miss,0
19-Oct-2020,959316,forsakenOil9,thriftyDoughnut4,Broadsword,Victory,34
28-Feb-2023,757546,selfishThrush5,selfishCur4,Axe,Parry,0
28-Feb-2023,757546,selfishCur4,selfishThrush5,Axe,Parry,0
28-Feb-2023,757546,selfishThrush5,selfishCur4,Dagger,Hit,48
28-Feb-2023,757546,selfishThrush5,selfishCur4,Dagger,Miss,0
28-Feb-2023,757546,selfishThrush5,selfishCur4,Axe,Parry,0
28-Feb-2023,757546,selfishThrush5,selfishCur4,Dagger,Parry,0
28-Feb-2023,757546,selfishCur4,selfishThrush5,Axe,Miss,0
28-Feb-2023,757546,selfishCur4,selfishThrush5,Axe,Hit,43
28-Feb-2023,757546,selfishCur4,selfishThrush5,Axe,Victory,66
15-May-2022,240250,ashamedSeahorse5,thriftyWidgeon0,Axe,Miss,0
15-May-2022,240250,ashamedSeahorse5,thriftyWidgeon0,Broadsword,Miss,0
15-May-2022,240250,thriftyWidgeon0,ashamedSeahorse5,Dagger,Parry,0
15-May-2022,240250,thriftyWidgeon0,ashamedSeahorse5,Dagger,Parry,0
15-May-2022,240250,ashamedSeahorse5,thriftyWidgeon0,Broadsword,Miss,0
15-May-2022,240250,ashamedSeahorse5,thriftyWidgeon0,Axe,Miss,0
15-May-2022,240250,ashamedSeahorse5,thriftyWidgeon0,Broadsword,Parry,0
15-May-2022,240250,ashamedSeahorse5,thriftyWidgeon0,slingshot,Parry,0
15-May-2022,240250,ashamedSeahorse5,thriftyWidgeon0,Axe,Hit,96
15-May-2022,240250,thriftyWidgeon0,ashamedSeahorse5,Dagger,Miss,0
15-May-2022,240250,ashamedSeahorse5,thriftyWidgeon0,Broadsword,Victory,68
11-May-2022,630074,unhappyPie7,zestyCheese9,Broadsword,Parry,0
11-May-2022,630074,zestyCheese9,unhappyPie7,Broadsword,Hit,44
11-May-2022,630074,zestyCheese9,unhappyPie7,slingshot,Parry,0
11-May-2022,630074,unhappyPie7,zestyCheese9,Axe,Parry,0
11-May-2022,630074,zestyCheese9,unhappyPie7,slingshot,Hit,88
11-May-2022,630074,unhappyPie7,zestyCheese9,Broadsword,Miss,0
11-May-2022,630074,unhappyPie7,zestyCheese9,Dagger,Victory,31
24-Sep-2021,222191,lyingJaguar0,exactingRaisins9,Broadsword,Miss,0
24-Sep-2021,222191,exactingRaisins9,lyingJaguar0,Broadsword,Hit,26
24-Sep-2021,222191,exactingRaisins9,lyingJaguar0,Broadsword,Parry,0
24-Sep-2021,222191,lyingJaguar0,exactingRaisins9,Axe,Parry,0
24-Sep-2021,222191,lyingJaguar0,exactingRaisins9,Dagger,Parry,0
24-Sep-2021,222191,lyingJaguar0,exactingRaisins9,Axe,Parry,0
24-Sep-2021,222191,lyingJaguar0,exactingRaisins9,Dagger,Parry,0
24-Sep-2021,222191,lyingJaguar0,exactingRaisins9,Axe,Miss,0
24-Sep-2021,222191,exactingRaisins9,lyingJaguar0,Broadsword,Victory,56
22-Mar-2022,867513,lyingPaella5,excitedSheep5,Axe,Miss,0
22-Mar-2022,867513,lyingPaella5,excitedSheep5,Dagger,Parry,0
22-Mar-2022,867513,excitedSheep5,lyingPaella5,slingshot,Parry,0
22-Mar-2022,867513,lyingPaella5,excitedSheep5,slingshot,Parry,0
22-Mar-2022,867513,lyingPaella5,excitedSheep5,Axe,Parry,0
22-Mar-2022,867513,excitedSheep5,lyingPaella5,Dagger,Parry,0
22-Mar-2022,867513,excitedSheep5,lyingPaella5,Dagger,Hit,98
22-Mar-2022,867513,excitedSheep5,lyingPaella5,Broadsword,Hit,26
22-Mar-2022,867513,excitedSheep5,lyingPaella5,slingshot,Hit,32
22-Mar-2022,867513,lyingPaella5,excitedSheep5,Axe,Victory,32
27-Dec-2021,939634,madZebra3,Hobbes,slingshot,Hit,98
27-Dec-2021,939634,madZebra3,Hobbes,slingshot,Parry,0
27-Dec-2021,939634,madZebra3,Hobbes,slingshot,Hit,26
27-Dec-2021,939634,madZebra3,Hobbes,slingshot,Miss,0
27-Dec-2021,939634,madZebra3,Hobbes,slingshot,Miss,0
27-Dec-2021,939634,Hobbes,madZebra3,Axe,Victory,20
27-Oct-2022,498161,SneakySue,unhappyPie7,Dagger,Miss,0
27-Oct-2022,498161,unhappyPie7,SneakySue,slingshot,Miss,0
27-Oct-2022,498161,unhappyPie7,SneakySue,Broadsword,Parry,0
27-Oct-2022,498161,SneakySue,unhappyPie7,Dagger,Hit,32
27-Oct-2022,498161,unhappyPie7,SneakySue,Broadsword,Miss,0
27-Oct-2022,498161,SneakySue,unhappyPie7,Broadsword,Miss,0
27-Oct-2022,498161,unhappyPie7,SneakySue,Broadsword,Victory,83
18-Jul-2021,47655,zestyCheese9,sugaryCheetah3,Broadsword,Hit,69
18-Jul-2021,47655,zestyCheese9,sugaryCheetah3,Broadsword,Miss,0
18-Jul-2021,47655,sugaryCheetah3,zestyCheese9,Axe,Miss,0
18-Jul-2021,47655,zestyCheese9,sugaryCheetah3,slingshot,Hit,95
18-Jul-2021,47655,sugaryCheetah3,zestyCheese9,Axe,Parry,0
18-Jul-2021,47655,sugaryCheetah3,zestyCheese9,Axe,Victory,86
07-Jan-2021,639181,madCrackers0,Uraz-The-Magnificent,Broadsword,Miss,0
07-Jan-2021,639181,Uraz-The-Magnificent,madCrackers0,Axe,Hit,29
07-Jan-2021,639181,Uraz-The-Magnificent,madCrackers0,Axe,Parry,0
07-Jan-2021,639181,Uraz-The-Magnificent,madCrackers0,Axe,Hit,72
07-Jan-2021,639181,madCrackers0,Uraz-The-Magnificent,Dagger,Hit,40
07-Jan-2021,639181,madCrackers0,Uraz-The-Magnificent,Dagger,Hit,30
07-Jan-2021,639181,Uraz-The-Magnificent,madCrackers0,Axe,Miss,0
07-Jan-2021,639181,madCrackers0,Uraz-The-Magnificent,Dagger,Hit,64
07-Jan-2021,639181,madCrackers0,Uraz-The-Magnificent,Dagger,Hit,91
07-Jan-2021,639181,Uraz-The-Magnificent,madCrackers0,Axe,Victory,31
08-Apr-2021,238123,madZebra3,juju97,slingshot,Hit,47
08-Apr-2021,238123,juju97,madZebra3,slingshot,Parry,0
08-Apr-2021,238123,juju97,madZebra3,Dagger,Hit,19
08-Apr-2021,238123,madZebra3,juju97,slingshot,Hit,79
08-Apr-2021,238123,madZebra3,juju97,slingshot,Parry,0
08-Apr-2021,238123,madZebra3,juju97,slingshot,Miss,0
08-Apr-2021,238123,madZebra3,juju97,slingshot,Hit,30
08-Apr-2021,238123,madZebra3,juju97,slingshot,Miss,0
08-Apr-2021,238123,juju97,madZebra3,Axe,Hit,86
08-Apr-2021,238123,madZebra3,juju97,slingshot,Miss,0
08-Apr-2021,238123,madZebra3,juju97,slingshot,Victory,28
21-Oct-2021,287274,thriftyWidgeon0,excitedSheep5,Dagger,Miss,0
21-Oct-2021,287274,thriftyWidgeon0,excitedSheep5,Dagger,Parry,0
21-Oct-2021,287274,excitedSheep5,thriftyWidgeon0,Dagger,Hit,88
21-Oct-2021,287274,thriftyWidgeon0,excitedSheep5,Dagger,Parry,0
21-Oct-2021,287274,excitedSheep5,thriftyWidgeon0,slingshot,Parry,0
21-Oct-2021,287274,excitedSheep5,thriftyWidgeon0,Broadsword,Miss,0
21-Oct-2021,287274,excitedSheep5,thriftyWidgeon0,Broadsword,Miss,0
21-Oct-2021,287274,excitedSheep5,thriftyWidgeon0,slingshot,Hit,63
21-Oct-2021,287274,excitedSheep5,thriftyWidgeon0,Broadsword,Victory,42
19-Jan-2023,315360,soreBasmati4,wrathfulWidgeon1,Dagger,Miss,0
19-Jan-2023,315360,soreBasmati4,wrathfulWidgeon1,slingshot,Parry,0
19-Jan-2023,315360,wrathfulWidgeon1,soreBasmati4,slingshot,Parry,0
19-Jan-2023,315360,soreBasmati4,wrathfulWidgeon1,slingshot,Hit,86
19-Jan-2023,315360,soreBasmati4,wrathfulWidgeon1,slingshot,Hit,30
19-Jan-2023,315360,wrathfulWidgeon1,soreBasmati4,Broadsword,Parry,0
19-Jan-2023,315360,soreBasmati4,wrathfulWidgeon1,Dagger,Victory,82
07-Feb-2021,135044,alertRice5,SpacemanSpiff,Dagger,Hit,17
07-Feb-2021,135044,SpacemanSpiff,alertRice5,Dagger,Miss,0
07-Feb-2021,135044,alertRice5,SpacemanSpiff,Dagger,Parry,0
07-Feb-2021,135044,SpacemanSpiff,alertRice5,Dagger,Miss,0
07-Feb-2021,135044,alertRice5,SpacemanSpiff,Dagger,Hit,46
07-Feb-2021,135044,alertRice5,SpacemanSpiff,Axe,Miss,0
07-Feb-2021,135044,SpacemanSpiff,alertRice5,Broadsword,Hit,82
07-Feb-2021,135044,alertRice5,SpacemanSpiff,slingshot,Victory,99
05-Oct-2022,692584,alertRice5,lyingJaguar0,Dagger,Miss,0
05-Oct-2022,692584,alertRice5,lyingJaguar0,Dagger,Parry,0
05-Oct-2022,692584,alertRice5,lyingJaguar0,Axe,Hit,19
05-Oct-2022,692584,lyingJaguar0,alertRice5,Broadsword,Hit,41
05-Oct-2022,692584,alertRice5,lyingJaguar0,Dagger,Miss,0
05-Oct-2022,692584,lyingJaguar0,alertRice5,Broadsword,Parry,0
05-Oct-2022,692584,alertRice5,lyingJaguar0,slingshot,Hit,78
05-Oct-2022,692584,lyingJaguar0,alertRice5,Axe,Miss,0
05-Oct-2022,692584,lyingJaguar0,alertRice5,Broadsword,Victory,51
08-Jan-2022,210075,pleasedFalcon4,lyingPaella5,Dagger,Miss,0
08-Jan-2022,210075,pleasedFalcon4,lyingPaella5,Dagger,Miss,0
08-Jan-2022,210075,lyingPaella5,pleasedFalcon4,slingshot,Hit,13
08-Jan-2022,210075,lyingPaella5,pleasedFalcon4,Dagger,Hit,74
08-Jan-2022,210075,pleasedFalcon4,lyingPaella5,Dagger,Parry,0
08-Jan-2022,210075,lyingPaella5,pleasedFalcon4,Axe,Parry,0
08-Jan-2022,210075,lyingPaella5,pleasedFalcon4,Dagger,Miss,0
08-Jan-2022,210075,lyingPaella5,pleasedFalcon4,Dagger,Hit,28
08-Jan-2022,210075,lyingPaella5,pleasedFalcon4,Axe,Hit,62
08-Jan-2022,210075,lyingPaella5,pleasedFalcon4,Axe,Parry,0
08-Jan-2022,210075,pleasedFalcon4,lyingPaella5,Dagger,Victory,97
06-Sep-2021,829196,needyOryx7,decimalJaguar2,slingshot,Miss,0
06-Sep-2021,829196,needyOryx7,decimalJaguar2,slingshot,Hit,61
06-Sep-2021,829196,decimalJaguar2,needyOryx7,Axe,Miss,0
06-Sep-2021,829196,decimalJaguar2,needyOryx7,Broadsword,Hit,40
06-Sep-2021,829196,decimalJaguar2,needyOryx7,Broadsword,Miss,0
06-Sep-2021,829196,needyOryx7,decimalJaguar2,Axe,Miss,0
06-Sep-2021,829196,needyOryx7,decimalJaguar2,Dagger,Miss,0
06-Sep-2021,829196,decimalJaguar2,needyOryx7,Axe,Miss,0
06-Sep-2021,829196,decimalJaguar2,needyOryx7,Broadsword,Hit,10
06-Sep-2021,829196,needyOryx7,decimalJaguar2,Axe,Victory,68
12-Dec-2020,494202,selfishCur4,decimalJaguar2,Axe,Miss,0
12-Dec-2020,494202,selfishCur4,decimalJaguar2,Axe,Parry,0
12-Dec-2020,494202,selfishCur4,decimalJaguar2,Axe,Miss,0
12-Dec-2020,494202,decimalJaguar2,selfishCur4,Axe,Hit,99
12-Dec-2020,494202,decimalJaguar2,selfishCur4,Axe,Hit,96
12-Dec-2020,494202,decimalJaguar2,selfishCur4,Axe,Parry,0
12-Dec-2020,494202,selfishCur4,decimalJaguar2,Axe,Hit,48
12-Dec-2020,494202,selfishCur4,decimalJaguar2,Axe,Hit,46
12-Dec-2020,494202,selfishCur4,decimalJaguar2,Axe,Parry,0
12-Dec-2020,494202,selfishCur4,decimalJaguar2,Axe,Hit,42
12-Dec-2020,494202,decimalJaguar2,selfishCur4,Axe,Victory,94
11-Nov-2020,661674,Hobbes,unhappyPie7,Broadsword,Miss,0
11-Nov-2020,661674,Hobbes,unhappyPie7,Broadsword,Miss,0
11-Nov-2020,661674,Hobbes,unhappyPie7,Broadsword,Hit,84
11-Nov-2020,661674,unhappyPie7,Hobbes,Broadsword,Parry,0
11-Nov-2020,661674,Hobbes,unhappyPie7,Dagger,Parry,0
11-Nov-2020,661674,Hobbes,unhappyPie7,Broadsword,Parry,0
11-Nov-2020,661674,Hobbes,unhappyPie7,Axe,Miss,0
11-Nov-2020,661674,Hobbes,unhappyPie7,Broadsword,Miss,0
11-Nov-2020,661674,unhappyPie7,Hobbes,Axe,Hit,27
11-Nov-2020,661674,unhappyPie7,Hobbes,slingshot,Victory,43
16-Mar-2023,242894,needyOryx7,fondHare4,slingshot,Miss,0
16-Mar-2023,242894,needyOryx7,fondHare4,Axe,Miss,0
16-Mar-2023,242894,needyOryx7,fondHare4,Axe,Parry,0
16-Mar-2023,242894,needyOryx7,fondHare4,Axe,Parry,0
16-Mar-2023,242894,needyOryx7,fondHare4,slingshot,Miss,0
16-Mar-2023,242894,fondHare4,needyOryx7,Broadsword,Miss,0
16-Mar-2023,242894,fondHare4,needyOryx7,Broadsword,Victory,61
01-Dec-2022,38529,selfishCur4,jubilantQuiche5,slingshot,Miss,0
01-Dec-2022,38529,selfishCur4,jubilantQuiche5,Axe,Parry,0
01-Dec-2022,38529,selfishCur4,jubilantQuiche5,Axe,Miss,0
01-Dec-2022,38529,selfishCur4,jubilantQuiche5,Axe,Parry,0
01-Dec-2022,38529,selfishCur4,jubilantQuiche5,Axe,Miss,0
01-Dec-2022,38529,jubilantQuiche5,selfishCur4,Axe,Hit,52
01-Dec-2022,38529,jubilantQuiche5,selfishCur4,slingshot,Miss,0
01-Dec-2022,38529,jubilantQuiche5,selfishCur4,slingshot,Hit,85
01-Dec-2022,38529,jubilantQuiche5,selfishCur4,Axe,Miss,0
01-Dec-2022,38529,selfishCur4,jubilantQuiche5,Axe,Victory,41
10-Nov-2020,293565,unhappyPie7,selfishThrush5,Broadsword,Hit,32
10-Nov-2020,293565,selfishThrush5,unhappyPie7,Dagger,Parry,0
10-Nov-2020,293565,unhappyPie7,selfishThrush5,Dagger,Miss,0
10-Nov-2020,293565,selfishThrush5,unhappyPie7,Dagger,Hit,42
10-Nov-2020,293565,unhappyPie7,selfishThrush5,Dagger,Miss,0
10-Nov-2020,293565,unhappyPie7,selfishThrush5,Axe,Victory,73
18-Nov-2020,138353,cheerfulCrackers1,wrathfulWidgeon1,slingshot,Miss,0
18-Nov-2020,138353,wrathfulWidgeon1,cheerfulCrackers1,Broadsword,Parry,0
18-Nov-2020,138353,wrathfulWidgeon1,cheerfulCrackers1,slingshot,Miss,0
18-Nov-2020,138353,cheerfulCrackers1,wrathfulWidgeon1,slingshot,Miss,0
18-Nov-2020,138353,wrathfulWidgeon1,cheerfulCrackers1,slingshot,Miss,0
18-Nov-2020,138353,cheerfulCrackers1,wrathfulWidgeon1,Dagger,Miss,0
18-Nov-2020,138353,wrathfulWidgeon1,cheerfulCrackers1,slingshot,Parry,0
18-Nov-2020,138353,wrathfulWidgeon1,cheerfulCrackers1,slingshot,Hit,24
18-Nov-2020,138353,cheerfulCrackers1,wrathfulWidgeon1,slingshot,Parry,0
18-Nov-2020,138353,cheerfulCrackers1,wrathfulWidgeon1,Dagger,Miss,0
18-Nov-2020,138353,cheerfulCrackers1,wrathfulWidgeon1,slingshot,Victory,65
01-May-2021,346627,needyOryx7,ashamedSeahorse5,Axe,Hit,41
01-May-2021,346627,needyOryx7,ashamedSeahorse5,slingshot,Hit,67
01-May-2021,346627,needyOryx7,ashamedSeahorse5,Axe,Miss,0
01-May-2021,346627,needyOryx7,ashamedSeahorse5,Dagger,Hit,56
01-May-2021,346627,needyOryx7,ashamedSeahorse5,Axe,Parry,0
01-May-2021,346627,ashamedSeahorse5,needyOryx7,Axe,Parry,0
01-May-2021,346627,ashamedSeahorse5,needyOryx7,Axe,Hit,49
01-May-2021,346627,ashamedSeahorse5,needyOryx7,slingshot,Victory,46
15-Jun-2021,71782,jubilantQuiche5,exactingRaisins9,Axe,Hit,80
15-Jun-2021,71782,jubilantQuiche5,exactingRaisins9,Axe,Parry,0
15-Jun-2021,71782,exactingRaisins9,jubilantQuiche5,Broadsword,Parry,0
15-Jun-2021,71782,exactingRaisins9,jubilantQuiche5,Broadsword,Miss,0
15-Jun-2021,71782,jubilantQuiche5,exactingRaisins9,slingshot,Parry,0
15-Jun-2021,71782,jubilantQuiche5,exactingRaisins9,slingshot,Hit,37
15-Jun-2021,71782,jubilantQuiche5,exactingRaisins9,slingshot,Miss,0
15-Jun-2021,71782,jubilantQuiche5,exactingRaisins9,Axe,Victory,78
23-Feb-2021,459907,forsakenOil9,zestyCheese9,Broadsword,Miss,0
23-Feb-2021,459907,zestyCheese9,forsakenOil9,Broadsword,Hit,30
23-Feb-2021,459907,forsakenOil9,zestyCheese9,Broadsword,Miss,0
23-Feb-2021,459907,zestyCheese9,forsakenOil9,slingshot,Hit,33
23-Feb-2021,459907,zestyCheese9,forsakenOil9,Broadsword,Parry,0
23-Feb-2021,459907,forsakenOil9,zestyCheese9,Broadsword,Hit,30
23-Feb-2021,459907,forsakenOil9,zestyCheese9,Broadsword,Miss,0
23-Feb-2021,459907,forsakenOil9,zestyCheese9,Broadsword,Miss,0
23-Feb-2021,459907,zestyCheese9,forsakenOil9,Broadsword,Miss,0
23-Feb-2021,459907,zestyCheese9,forsakenOil9,slingshot,Miss,0
23-Feb-2021,459907,zestyCheese9,forsakenOil9,Broadsword,Victory,20
28-Nov-2020,631234,sugaryCheetah3,pitifulLion2,Axe,Parry,0
28-Nov-2020,631234,sugaryCheetah3,pitifulLion2,Axe,Parry,0
28-Nov-2020,631234,sugaryCheetah3,pitifulLion2,Axe,Miss,0
28-Nov-2020,631234,pitifulLion2,sugaryCheetah3,Axe,Hit,25
28-Nov-2020,631234,sugaryCheetah3,pitifulLion2,Axe,Parry,0
28-Nov-2020,631234,pitifulLion2,sugaryCheetah3,Axe,Victory,74
15-Aug-2022,899263,needyPolenta1,decimalJaguar2,Dagger,Parry,0
15-Aug-2022,899263,needyPolenta1,decimalJaguar2,Dagger,Hit,54
15-Aug-2022,899263,needyPolenta1,decimalJaguar2,Axe,Parry,0
15-Aug-2022,899263,decimalJaguar2,needyPolenta1,Broadsword,Hit,42
15-Aug-2022,899263,decimalJaguar2,needyPolenta1,Axe,Miss,0
15-Aug-2022,899263,decimalJaguar2,needyPolenta1,Broadsword,Hit,24
15-Aug-2022,899263,decimalJaguar2,needyPolenta1,Broadsword,Miss,0
15-Aug-2022,899263,needyPolenta1,decimalJaguar2,Dagger,Victory,29
10-Feb-2022,490445,SpacemanSpiff,madCrackers0,Broadsword,Parry,0
10-Feb-2022,490445,SpacemanSpiff,madCrackers0,Broadsword,Hit,15
10-Feb-2022,490445,madCrackers0,SpacemanSpiff,Dagger,Miss,0
10-Feb-2022,490445,SpacemanSpiff,madCrackers0,Dagger,Miss,0
10-Feb-2022,490445,SpacemanSpiff,madCrackers0,Broadsword,Parry,0
10-Feb-2022,490445,SpacemanSpiff,madCrackers0,Broadsword,Parry,0
10-Feb-2022,490445,madCrackers0,SpacemanSpiff,Broadsword,Hit,77
10-Feb-2022,490445,SpacemanSpiff,madCrackers0,Broadsword,Miss,0
10-Feb-2022,490445,madCrackers0,SpacemanSpiff,Broadsword,Hit,92
10-Feb-2022,490445,SpacemanSpiff,madCrackers0,Dagger,Victory,11
07-Aug-2021,690842,decimalJaguar2,peskyEagle5,Axe,Parry,0
07-Aug-2021,690842,peskyEagle5,decimalJaguar2,slingshot,Parry,0
07-Aug-2021,690842,peskyEagle5,decimalJaguar2,Axe,Parry,0
07-Aug-2021,690842,peskyEagle5,decimalJaguar2,Broadsword,Miss,0
07-Aug-2021,690842,decimalJaguar2,peskyEagle5,Broadsword,Hit,48
07-Aug-2021,690842,peskyEagle5,decimalJaguar2,Broadsword,Hit,31
07-Aug-2021,690842,peskyEagle5,decimalJaguar2,slingshot,Hit,53
07-Aug-2021,690842,decimalJaguar2,peskyEagle5,Axe,Victory,30
16-Nov-2021,253930,wrathfulWidgeon1,pluckyCaribou1,Broadsword,Parry,0
16-Nov-2021,253930,wrathfulWidgeon1,pluckyCaribou1,Broadsword,Miss,0
16-Nov-2021,253930,pluckyCaribou1,wrathfulWidgeon1,Axe,Hit,39
16-Nov-2021,253930,wrathfulWidgeon1,pluckyCaribou1,slingshot,Parry,0
16-Nov-2021,253930,pluckyCaribou1,wrathfulWidgeon1,slingshot,Miss,0
16-Nov-2021,253930,pluckyCaribou1,wrathfulWidgeon1,slingshot,Hit,30
16-Nov-2021,253930,wrathfulWidgeon1,pluckyCaribou1,slingshot,Hit,73
16-Nov-2021,253930,pluckyCaribou1,wrathfulWidgeon1,slingshot,Parry,0
16-Nov-2021,253930,pluckyCaribou1,wrathfulWidgeon1,Axe,Victory,21
17-Apr-2021,120118,pluckyCaribou1,lyingJaguar0,Axe,Hit,53
17-Apr-2021,120118,pluckyCaribou1,lyingJaguar0,slingshot,Parry,0
17-Apr-2021,120118,lyingJaguar0,pluckyCaribou1,Axe,Miss,0
17-Apr-2021,120118,pluckyCaribou1,lyingJaguar0,slingshot,Hit,70
17-Apr-2021,120118,lyingJaguar0,pluckyCaribou1,Dagger,Hit,93
17-Apr-2021,120118,pluckyCaribou1,lyingJaguar0,Axe,Parry,0
17-Apr-2021,120118,pluckyCaribou1,lyingJaguar0,slingshot,Parry,0
17-Apr-2021,120118,lyingJaguar0,pluckyCaribou1,Broadsword,Parry,0
17-Apr-2021,120118,lyingJaguar0,pluckyCaribou1,Dagger,Parry,0
17-Apr-2021,120118,pluckyCaribou1,lyingJaguar0,slingshot,Victory,24
03-Mar-2022,914060,thriftyDoughnut4,zestyCheese9,slingshot,Parry,0
03-Mar-2022,914060,zestyCheese9,thriftyDoughnut4,Broadsword,Hit,37
03-Mar-2022,914060,zestyCheese9,thriftyDoughnut4,slingshot,Miss,0
03-Mar-2022,914060,zestyCheese9,thriftyDoughnut4,Broadsword,Hit,23
03-Mar-2022,914060,thriftyDoughnut4,zestyCheese9,slingshot,Hit,62
03-Mar-2022,914060,zestyCheese9,thriftyDoughnut4,slingshot,Miss,0
03-Mar-2022,914060,thriftyDoughnut4,zestyCheese9,slingshot,Miss,0
03-Mar-2022,914060,zestyCheese9,thriftyDoughnut4,Broadsword,Hit,89
03-Mar-2022,914060,zestyCheese9,thriftyDoughnut4,slingshot,Parry,0
03-Mar-2022,914060,zestyCheese9,thriftyDoughnut4,Broadsword,Victory,43
03-Nov-2020,397691,ashamedDingo9,forsakenOil9,Axe,Hit,53
03-Nov-2020,397691,ashamedDingo9,forsakenOil9,Broadsword,Miss,0
03-Nov-2020,397691,forsakenOil9,ashamedDingo9,Broadsword,Hit,68
03-Nov-2020,397691,forsakenOil9,ashamedDingo9,Broadsword,Hit,50
03-Nov-2020,397691,ashamedDingo9,forsakenOil9,Broadsword,Miss,0
03-Nov-2020,397691,forsakenOil9,ashamedDingo9,Broadsword,Miss,0
03-Nov-2020,397691,ashamedDingo9,forsakenOil9,Axe,Hit,36
03-Nov-2020,397691,forsakenOil9,ashamedDingo9,Broadsword,Miss,0
03-Nov-2020,397691,forsakenOil9,ashamedDingo9,Broadsword,Victory,39
02-Dec-2022,430989,thrilledPoultry6,fondHare4,Axe,Parry,0
02-Dec-2022,430989,thrilledPoultry6,fondHare4,Axe,Parry,0
02-Dec-2022,430989,fondHare4,thrilledPoultry6,Dagger,Parry,0
02-Dec-2022,430989,thrilledPoultry6,fondHare4,slingshot,Hit,87
02-Dec-2022,430989,thrilledPoultry6,fondHare4,Axe,Parry,0
02-Dec-2022,430989,fondHare4,thrilledPoultry6,Broadsword,Hit,28
02-Dec-2022,430989,fondHare4,thrilledPoultry6,Dagger,Hit,72
02-Dec-2022,430989,fondHare4,thrilledPoultry6,Dagger,Miss,0
02-Dec-2022,430989,fondHare4,thrilledPoultry6,Broadsword,Victory,77
16-Jan-2021,602978,unhappyPie7,Uraz-The-Magnificent,Broadsword,Miss,0
16-Jan-2021,602978,unhappyPie7,Uraz-The-Magnificent,Broadsword,Parry,0
16-Jan-2021,602978,Uraz-The-Magnificent,unhappyPie7,Axe,Parry,0
16-Jan-2021,602978,unhappyPie7,Uraz-The-Magnificent,Broadsword,Miss,0
16-Jan-2021,602978,unhappyPie7,Uraz-The-Magnificent,slingshot,Parry,0
16-Jan-2021,602978,unhappyPie7,Uraz-The-Magnificent,slingshot,Parry,0
16-Jan-2021,602978,unhappyPie7,Uraz-The-Magnificent,Broadsword,Hit,27
16-Jan-2021,602978,Uraz-The-Magnificent,unhappyPie7,Axe,Hit,91
16-Jan-2021,602978,unhappyPie7,Uraz-The-Magnificent,Dagger,Victory,48
31-Jul-2022,236374,soreSyrup1,DarkMage,Broadsword,Parry,0
31-Jul-2022,236374,DarkMage,soreSyrup1,Broadsword,Miss,0
31-Jul-2022,236374,soreSyrup1,DarkMage,Broadsword,Parry,0
31-Jul-2022,236374,soreSyrup1,DarkMage,Axe,Hit,40
31-Jul-2022,236374,DarkMage,soreSyrup1,Axe,Hit,33
31-Jul-2022,236374,soreSyrup1,DarkMage,Axe,Hit,91
31-Jul-2022,236374,soreSyrup1,DarkMage,Broadsword,Hit,86
31-Jul-2022,236374,DarkMage,soreSyrup1,Axe,Miss,0
31-Jul-2022,236374,DarkMage,soreSyrup1,Axe,Victory,39
23-Mar-2022,583045,pleasedFalcon4,pleasedFalcon4,Dagger,Miss,0
23-Mar-2022,583045,pleasedFalcon4,pleasedFalcon4,Dagger,Parry,0
23-Mar-2022,583045,pleasedFalcon4,pleasedFalcon4,Dagger,Miss,0
23-Mar-2022,583045,pleasedFalcon4,pleasedFalcon4,Dagger,Hit,55
23-Mar-2022,583045,pleasedFalcon4,pleasedFalcon4,Dagger,Hit,58
23-Mar-2022,583045,pleasedFalcon4,pleasedFalcon4,Dagger,Miss,0
23-Mar-2022,583045,pleasedFalcon4,pleasedFalcon4,Dagger,Hit,77
23-Mar-2022,583045,pleasedFalcon4,pleasedFalcon4,Dagger,Parry,0
23-Mar-2022,583045,pleasedFalcon4,pleasedFalcon4,Dagger,Victory,57
14-Jun-2021,298487,needyPolenta1,lyingJaguar0,Dagger,Miss,0
14-Jun-2021,298487,needyPolenta1,lyingJaguar0,Dagger,Parry,0
14-Jun-2021,298487,lyingJaguar0,needyPolenta1,Dagger,Hit,60
14-Jun-2021,298487,needyPolenta1,lyingJaguar0,slingshot,Hit,87
14-Jun-2021,298487,needyPolenta1,lyingJaguar0,Dagger,Miss,0
14-Jun-2021,298487,needyPolenta1,lyingJaguar0,Dagger,Hit,16
14-Jun-2021,298487,needyPolenta1,lyingJaguar0,Broadsword,Parry,0
14-Jun-2021,298487,lyingJaguar0,needyPolenta1,Dagger,Miss,0
14-Jun-2021,298487,lyingJaguar0,needyPolenta1,Broadsword,Victory,76
19-Jun-2022,332964,exactingRaisins9,zestyCheese9,Broadsword,Hit,82
19-Jun-2022,332964,zestyCheese9,exactingRaisins9,Broadsword,Miss,0
19-Jun-2022,332964,zestyCheese9,exactingRaisins9,Broadsword,Hit,22
19-Jun-2022,332964,exactingRaisins9,zestyCheese9,Broadsword,Hit,66
19-Jun-2022,332964,zestyCheese9,exactingRaisins9,slingshot,Miss,0
19-Jun-2022,332964,exactingRaisins9,zestyCheese9,Broadsword,Hit,41
19-Jun-2022,332964,exactingRaisins9,zestyCheese9,Broadsword,Hit,12
19-Jun-2022,332964,zestyCheese9,exactingRaisins9,Broadsword,Parry,0
19-Jun-2022,332964,exactingRaisins9,zestyCheese9,Broadsword,Victory,32
21-Oct-2020,38485,thriftyDoughnut4,excitedSheep5,slingshot,Parry,0
21-Oct-2020,38485,thriftyDoughnut4,excitedSheep5,slingshot,Parry,0
21-Oct-2020,38485,thriftyDoughnut4,excitedSheep5,slingshot,Miss,0
21-Oct-2020,38485,thriftyDoughnut4,excitedSheep5,slingshot,Hit,28
21-Oct-2020,38485,excitedSheep5,thriftyDoughnut4,Broadsword,Hit,54
21-Oct-2020,38485,thriftyDoughnut4,excitedSheep5,slingshot,Hit,17
21-Oct-2020,38485,excitedSheep5,thriftyDoughnut4,Dagger,Parry,0
21-Oct-2020,38485,excitedSheep5,thriftyDoughnut4,Broadsword,Hit,94
21-Oct-2020,38485,excitedSheep5,thriftyDoughnut4,slingshot,Miss,0
21-Oct-2020,38485,thriftyDoughnut4,excitedSheep5,slingshot,Miss,0
21-Oct-2020,38485,thriftyDoughnut4,excitedSheep5,slingshot,Victory,15
06-Jan-2022,887677,soreSyrup1,soreBasmati4,Broadsword,Hit,58
06-Jan-2022,887677,soreSyrup1,soreBasmati4,Broadsword,Hit,99
06-Jan-2022,887677,soreSyrup1,soreBasmati4,Axe,Hit,61
06-Jan-2022,887677,soreSyrup1,soreBasmati4,Broadsword,Miss,0
06-Jan-2022,887677,soreBasmati4,soreSyrup1,slingshot,Miss,0
06-Jan-2022,887677,soreBasmati4,soreSyrup1,Dagger,Parry,0
06-Jan-2022,887677,soreSyrup1,soreBasmati4,Axe,Miss,0
06-Jan-2022,887677,soreBasmati4,soreSyrup1,Dagger,Parry,0
06-Jan-2022,887677,soreSyrup1,soreBasmati4,Broadsword,Miss,0
06-Jan-2022,887677,soreBasmati4,soreSyrup1,slingshot,Hit,55
06-Jan-2022,887677,soreSyrup1,soreBasmati4,Axe,Victory,59
01-Sep-2021,930438,Uraz-The-Magnificent,ashamedSeahorse5,Axe,Parry,0
01-Sep-2021,930438,ashamedSeahorse5,Uraz-The-Magnificent,slingshot,Parry,0
01-Sep-2021,930438,Uraz-The-Magnificent,ashamedSeahorse5,Axe,Parry,0
01-Sep-2021,930438,ashamedSeahorse5,Uraz-The-Magnificent,Broadsword,Parry,0
01-Sep-2021,930438,Uraz-The-Magnificent,ashamedSeahorse5,Axe,Parry,0
01-Sep-2021,930438,ashamedSeahorse5,Uraz-The-Magnificent,Broadsword,Parry,0
01-Sep-2021,930438,Uraz-The-Magnificent,ashamedSeahorse5,Axe,Parry,0
01-Sep-2021,930438,ashamedSeahorse5,Uraz-The-Magnificent,Broadsword,Miss,0
01-Sep-2021,930438,ashamedSeahorse5,Uraz-The-Magnificent,slingshot,Victory,28
25-Mar-2022,581737,forsakenOil9,wrathfulWidgeon1,Broadsword,Miss,0
25-Mar-2022,581737,forsakenOil9,wrathfulWidgeon1,Broadsword,Hit,39
25-Mar-2022,581737,forsakenOil9,wrathfulWidgeon1,Broadsword,Miss,0
25-Mar-2022,581737,forsakenOil9,wrathfulWidgeon1,Broadsword,Parry,0
25-Mar-2022,581737,forsakenOil9,wrathfulWidgeon1,Broadsword,Parry,0
25-Mar-2022,581737,forsakenOil9,wrathfulWidgeon1,Broadsword,Victory,56
19-Jun-2022,655072,jubilantQuiche5,alertRice5,slingshot,Miss,0
19-Jun-2022,655072,alertRice5,jubilantQuiche5,Axe,Hit,19
19-Jun-2022,655072,alertRice5,jubilantQuiche5,Dagger,Hit,42
19-Jun-2022,655072,alertRice5,jubilantQuiche5,Dagger,Hit,56
19-Jun-2022,655072,jubilantQuiche5,alertRice5,Axe,Parry,0
19-Jun-2022,655072,jubilantQuiche5,alertRice5,Axe,Hit,23
19-Jun-2022,655072,alertRice5,jubilantQuiche5,slingshot,Hit,88
19-Jun-2022,655072,jubilantQuiche5,alertRice5,slingshot,Hit,19
19-Jun-2022,655072,jubilantQuiche5,alertRice5,slingshot,Miss,0
19-Jun-2022,655072,jubilantQuiche5,alertRice5,Axe,Victory,48
04-Oct-2021,944858,SpacemanSpiff,SpacemanSpiff,Dagger,Parry,0
04-Oct-2021,944858,SpacemanSpiff,SpacemanSpiff,Broadsword,Miss,0
04-Oct-2021,944858,SpacemanSpiff,SpacemanSpiff,Dagger,Parry,0
04-Oct-2021,944858,SpacemanSpiff,SpacemanSpiff,Dagger,Parry,0
04-Oct-2021,944858,SpacemanSpiff,SpacemanSpiff,Dagger,Miss,0
04-Oct-2021,944858,SpacemanSpiff,SpacemanSpiff,Broadsword,Parry,0
04-Oct-2021,944858,SpacemanSpiff,SpacemanSpiff,Dagger,Victory,54
17-Aug-2022,797182,SpacemanSpiff,alertRice5,Broadsword,Parry,0
17-Aug-2022,797182,SpacemanSpiff,alertRice5,Broadsword,Parry,0
17-Aug-2022,797182,SpacemanSpiff,alertRice5,Dagger,Miss,0
17-Aug-2022,797182,alertRice5,SpacemanSpiff,Dagger,Hit,57
17-Aug-2022,797182,SpacemanSpiff,alertRice5,Dagger,Hit,23
17-Aug-2022,797182,SpacemanSpiff,alertRice5,Dagger,Parry,0
17-Aug-2022,797182,SpacemanSpiff,alertRice5,Broadsword,Miss,0
17-Aug-2022,797182,SpacemanSpiff,alertRice5,Dagger,Miss,0
17-Aug-2022,797182,SpacemanSpiff,alertRice5,Dagger,Hit,12
17-Aug-2022,797182,SpacemanSpiff,alertRice5,Dagger,Victory,76
26-Dec-2021,63458,madCrackers0,soreBasmati4,Dagger,Miss,0
26-Dec-2021,63458,madCrackers0,soreBasmati4,Dagger,Parry,0
26-Dec-2021,63458,madCrackers0,soreBasmati4,Dagger,Miss,0
26-Dec-2021,63458,madCrackers0,soreBasmati4,Broadsword,Hit,92
26-Dec-2021,63458,madCrackers0,soreBasmati4,Dagger,Miss,0
26-Dec-2021,63458,madCrackers0,soreBasmati4,Broadsword,Victory,89
14-Oct-2022,63998,decimalJaguar2,zestyCheese9,Broadsword,Parry,0
14-Oct-2022,63998,decimalJaguar2,zestyCheese9,Broadsword,Miss,0
14-Oct-2022,63998,zestyCheese9,decimalJaguar2,Broadsword,Parry,0
14-Oct-2022,63998,decimalJaguar2,zestyCheese9,Axe,Parry,0
14-Oct-2022,63998,zestyCheese9,decimalJaguar2,slingshot,Miss,0
14-Oct-2022,63998,decimalJaguar2,zestyCheese9,Axe,Hit,37
14-Oct-2022,63998,decimalJaguar2,zestyCheese9,Axe,Parry,0
14-Oct-2022,63998,zestyCheese9,decimalJaguar2,Broadsword,Parry,0
14-Oct-2022,63998,zestyCheese9,decimalJaguar2,Broadsword,Miss,0
14-Oct-2022,63998,decimalJaguar2,zestyCheese9,Axe,Victory,42
12-May-2022,689741,Calvin,unhappyPie7,Axe,Parry,0
12-May-2022,689741,unhappyPie7,Calvin,slingshot,Hit,26
12-May-2022,689741,Calvin,unhappyPie7,Axe,Miss,0
12-May-2022,689741,unhappyPie7,Calvin,Broadsword,Hit,100
12-May-2022,689741,Calvin,unhappyPie7,Axe,Parry,0
12-May-2022,689741,Calvin,unhappyPie7,Axe,Hit,17
12-May-2022,689741,unhappyPie7,Calvin,Axe,Miss,0
12-May-2022,689741,Calvin,unhappyPie7,Axe,Miss,0
12-May-2022,689741,Calvin,unhappyPie7,Axe,Parry,0
12-May-2022,689741,Calvin,unhappyPie7,Axe,Hit,93
12-May-2022,689741,unhappyPie7,Calvin,Dagger,Victory,15
30-Jul-2022,657158,Calvin,excitedSheep5,Axe,Parry,0
30-Jul-2022,657158,Calvin,excitedSheep5,Axe,Miss,0
30-Jul-2022,657158,excitedSheep5,Calvin,Dagger,Parry,0
30-Jul-2022,657158,excitedSheep5,Calvin,Broadsword,Miss,0
30-Jul-2022,657158,excitedSheep5,Calvin,Broadsword,Miss,0
30-Jul-2022,657158,Calvin,excitedSheep5,Axe,Hit,67
30-Jul-2022,657158,Calvin,excitedSheep5,Axe,Miss,0
30-Jul-2022,657158,Calvin,excitedSheep5,Axe,Hit,44
30-Jul-2022,657158,Calvin,excitedSheep5,Axe,Victory,16
12-Sep-2022,730063,needyOryx7,wrathfulWidgeon1,Axe,Hit,19
12-Sep-2022,730063,needyOryx7,wrathfulWidgeon1,Dagger,Parry,0
12-Sep-2022,730063,wrathfulWidgeon1,needyOryx7,slingshot,Miss,0
12-Sep-2022,730063,needyOryx7,wrathfulWidgeon1,slingshot,Parry,0
12-Sep-2022,730063,wrathfulWidgeon1,needyOryx7,slingshot,Hit,80
12-Sep-2022,730063,needyOryx7,wrathfulWidgeon1,Axe,Miss,0
12-Sep-2022,730063,wrathfulWidgeon1,needyOryx7,Broadsword,Miss,0
12-Sep-2022,730063,needyOryx7,wrathfulWidgeon1,Axe,Miss,0
12-Sep-2022,730063,needyOryx7,wrathfulWidgeon1,Dagger,Victory,23
25-Dec-2021,799368,pitifulLion2,selfishCur4,Axe,Parry,0
25-Dec-2021,799368,pitifulLion2,selfishCur4,Axe,Hit,19
25-Dec-2021,799368,pitifulLion2,selfishCur4,Axe,Miss,0
25-Dec-2021,799368,pitifulLion2,selfishCur4,Axe,Parry,0
25-Dec-2021,799368,pitifulLion2,selfishCur4,Axe,Miss,0
25-Dec-2021,799368,selfishCur4,pitifulLion2,slingshot,Parry,0
25-Dec-2021,799368,selfishCur4,pitifulLion2,slingshot,Miss,0
25-Dec-2021,799368,selfishCur4,pitifulLion2,Axe,Victory,48
23-Apr-2021,160280,forsakenOil9,zestyCheese9,Broadsword,Parry,0
23-Apr-2021,160280,zestyCheese9,forsakenOil9,slingshot,Miss,0
23-Apr-2021,160280,zestyCheese9,forsakenOil9,slingshot,Parry,0
23-Apr-2021,160280,zestyCheese9,forsakenOil9,Broadsword,Miss,0
23-Apr-2021,160280,forsakenOil9,zestyCheese9,Broadsword,Hit,37
23-Apr-2021,160280,zestyCheese9,forsakenOil9,Broadsword,Parry,0
23-Apr-2021,160280,zestyCheese9,forsakenOil9,slingshot,Miss,0
23-Apr-2021,160280,forsakenOil9,zestyCheese9,Broadsword,Parry,0
23-Apr-2021,160280,forsakenOil9,zestyCheese9,Broadsword,Parry,0
23-Apr-2021,160280,zestyCheese9,forsakenOil9,slingshot,Hit,37
23-Apr-2021,160280,zestyCheese9,forsakenOil9,Broadsword,Victory,80
23-Jul-2021,724760,Uraz-The-Magnificent,lyingPaella5,Axe,Parry,0
23-Jul-2021,724760,Uraz-The-Magnificent,lyingPaella5,Axe,Parry,0
23-Jul-2021,724760,lyingPaella5,Uraz-The-Magnificent,Dagger,Parry,0
23-Jul-2021,724760,Uraz-The-Magnificent,lyingPaella5,Axe,Hit,83
23-Jul-2021,724760,Uraz-The-Magnificent,lyingPaella5,Axe,Miss,0
23-Jul-2021,724760,lyingPaella5,Uraz-The-Magnificent,Dagger,Parry,0
23-Jul-2021,724760,lyingPaella5,Uraz-The-Magnificent,slingshot,Hit,47
23-Jul-2021,724760,lyingPaella5,Uraz-The-Magnificent,Axe,Parry,0
23-Jul-2021,724760,lyingPaella5,Uraz-The-Magnificent,Axe,Parry,0
23-Jul-2021,724760,Uraz-The-Magnificent,lyingPaella5,Axe,Hit,44
23-Jul-2021,724760,Uraz-The-Magnificent,lyingPaella5,Axe,Victory,60
10-Nov-2021,996889,madCrackers0,forsakenOil9,Dagger,Parry,0
10-Nov-2021,996889,madCrackers0,forsakenOil9,Broadsword,Parry,0
10-Nov-2021,996889,madCrackers0,forsakenOil9,Broadsword,Hit,21
10-Nov-2021,996889,madCrackers0,forsakenOil9,Broadsword,Hit,70
10-Nov-2021,996889,forsakenOil9,madCrackers0,Broadsword,Miss,0
10-Nov-2021,996889,madCrackers0,forsakenOil9,Broadsword,Victory,80
16-Oct-2020,277602,soreBasmati4,pleasedFalcon4,slingshot,Hit,79
16-Oct-2020,277602,soreBasmati4,pleasedFalcon4,slingshot,Miss,0
16-Oct-2020,277602,soreBasmati4,pleasedFalcon4,slingshot,Miss,0
16-Oct-2020,277602,soreBasmati4,pleasedFalcon4,Dagger,Parry,0
16-Oct-2020,277602,soreBasmati4,pleasedFalcon4,Dagger,Parry,0
16-Oct-2020,277602,soreBasmati4,pleasedFalcon4,slingshot,Miss,0
16-Oct-2020,277602,pleasedFalcon4,soreBasmati4,Dagger,Parry,0
16-Oct-2020,277602,pleasedFalcon4,soreBasmati4,Dagger,Miss,0
16-Oct-2020,277602,soreBasmati4,pleasedFalcon4,Dagger,Miss,0
16-Oct-2020,277602,soreBasmati4,pleasedFalcon4,slingshot,Victory,94
26-May-2022,455803,soreBasmati4,needyPolenta1,Dagger,Miss,0
26-May-2022,455803,soreBasmati4,needyPolenta1,slingshot,Hit,20
26-May-2022,455803,soreBasmati4,needyPolenta1,Dagger,Hit,73
26-May-2022,455803,needyPolenta1,soreBasmati4,Dagger,Miss,0
26-May-2022,455803,soreBasmati4,needyPolenta1,slingshot,Miss,0
26-May-2022,455803,needyPolenta1,soreBasmati4,Axe,Miss,0
26-May-2022,455803,soreBasmati4,needyPolenta1,slingshot,Hit,94
26-May-2022,455803,needyPolenta1,soreBasmati4,Dagger,Parry,0
26-May-2022,455803,needyPolenta1,soreBasmati4,Dagger,Parry,0
26-May-2022,455803,needyPolenta1,soreBasmati4,Axe,Parry,0
26-May-2022,455803,soreBasmati4,needyPolenta1,Dagger,Victory,37
13-Feb-2021,429976,sugaryCheetah3,DarkMage,Axe,Hit,41
13-Feb-2021,429976,DarkMage,sugaryCheetah3,Broadsword,Parry,0
13-Feb-2021,429976,sugaryCheetah3,DarkMage,Axe,Parry,0
13-Feb-2021,429976,sugaryCheetah3,DarkMage,Axe,Miss,0
13-Feb-2021,429976,DarkMage,sugaryCheetah3,Broadsword,Hit,12
13-Feb-2021,429976,sugaryCheetah3,DarkMage,Axe,Miss,0
13-Feb-2021,429976,sugaryCheetah3,DarkMage,Axe,Parry,0
13-Feb-2021,429976,sugaryCheetah3,DarkMage,Axe,Miss,0
13-Feb-2021,429976,sugaryCheetah3,DarkMage,slingshot,Victory,96
15-Oct-2021,155352,sugaryCheetah3,zestyCheese9,slingshot,Parry,0
15-Oct-2021,155352,sugaryCheetah3,zestyCheese9,slingshot,Parry,0
15-Oct-2021,155352,zestyCheese9,sugaryCheetah3,Broadsword,Miss,0
15-Oct-2021,155352,zestyCheese9,sugaryCheetah3,Broadsword,Miss,0
15-Oct-2021,155352,sugaryCheetah3,zestyCheese9,Axe,Parry,0
15-Oct-2021,155352,zestyCheese9,sugaryCheetah3,slingshot,Hit,98
15-Oct-2021,155352,zestyCheese9,sugaryCheetah3,Broadsword,Victory,58
22-Nov-2022,798565,resolvedCrane4,Hobbes,Broadsword,Hit,34
22-Nov-2022,798565,resolvedCrane4,Hobbes,Dagger,Miss,0
22-Nov-2022,798565,resolvedCrane4,Hobbes,Broadsword,Miss,0
22-Nov-2022,798565,resolvedCrane4,Hobbes,Dagger,Parry,0
22-Nov-2022,798565,Hobbes,resolvedCrane4,Dagger,Parry,0
22-Nov-2022,798565,Hobbes,resolvedCrane4,Dagger,Hit,92
22-Nov-2022,798565,Hobbes,resolvedCrane4,Broadsword,Miss,0
22-Nov-2022,798565,resolvedCrane4,Hobbes,Broadsword,Hit,42
22-Nov-2022,798565,Hobbes,resolvedCrane4,Broadsword,Miss,0
22-Nov-2022,798565,resolvedCrane4,Hobbes,Broadsword,Victory,75
14-Mar-2022,891058,selfishThrush5,zestyCheese9,Axe,Miss,0
14-Mar-2022,891058,selfishThrush5,zestyCheese9,Axe,Parry,0
14-Mar-2022,891058,zestyCheese9,selfishThrush5,Broadsword,Miss,0
14-Mar-2022,891058,zestyCheese9,selfishThrush5,Broadsword,Hit,56
14-Mar-2022,891058,zestyCheese9,selfishThrush5,slingshot,Parry,0
14-Mar-2022,891058,zestyCheese9,selfishThrush5,Broadsword,Miss,0
14-Mar-2022,891058,zestyCheese9,selfishThrush5,Broadsword,Hit,80
14-Mar-2022,891058,zestyCheese9,selfishThrush5,Broadsword,Hit,27
14-Mar-2022,891058,zestyCheese9,selfishThrush5,Broadsword,Victory,64
14-Oct-2021,409213,thriftyDoughnut4,soreBasmati4,slingshot,Parry,0
14-Oct-2021,409213,thriftyDoughnut4,soreBasmati4,slingshot,Parry,0
14-Oct-2021,409213,thriftyDoughnut4,soreBasmati4,slingshot,Parry,0
14-Oct-2021,409213,thriftyDoughnut4,soreBasmati4,slingshot,Parry,0
14-Oct-2021,409213,soreBasmati4,thriftyDoughnut4,slingshot,Parry,0
14-Oct-2021,409213,thriftyDoughnut4,soreBasmati4,slingshot,Hit,85
14-Oct-2021,409213,soreBasmati4,thriftyDoughnut4,Dagger,Miss,0
14-Oct-2021,409213,soreBasmati4,thriftyDoughnut4,Dagger,Miss,0
14-Oct-2021,409213,soreBasmati4,thriftyDoughnut4,slingshot,Parry,0
14-Oct-2021,409213,thriftyDoughnut4,soreBasmati4,slingshot,Victory,32
28-Feb-2021,704708,unhappyPie7,wrathfulWidgeon1,Broadsword,Hit,40
28-Feb-2021,704708,wrathfulWidgeon1,unhappyPie7,slingshot,Hit,29
28-Feb-2021,704708,unhappyPie7,wrathfulWidgeon1,Broadsword,Parry,0
28-Feb-2021,704708,unhappyPie7,wrathfulWidgeon1,Axe,Parry,0
28-Feb-2021,704708,wrathfulWidgeon1,unhappyPie7,slingshot,Miss,0
28-Feb-2021,704708,wrathfulWidgeon1,unhappyPie7,Broadsword,Hit,90
28-Feb-2021,704708,unhappyPie7,wrathfulWidgeon1,Broadsword,Parry,0
28-Feb-2021,704708,unhappyPie7,wrathfulWidgeon1,Dagger,Victory,74
30-Sep-2021,346671,lyingPaella5,unhappyPie7,Axe,Hit,53
30-Sep-2021,346671,unhappyPie7,lyingPaella5,Axe,Miss,0
30-Sep-2021,346671,lyingPaella5,unhappyPie7,Axe,Hit,73
30-Sep-2021,346671,lyingPaella5,unhappyPie7,slingshot,Miss,0
30-Sep-2021,346671,lyingPaella5,unhappyPie7,Dagger,Hit,48
30-Sep-2021,346671,unhappyPie7,lyingPaella5,Broadsword,Miss,0
30-Sep-2021,346671,lyingPaella5,unhappyPie7,Dagger,Hit,63
30-Sep-2021,346671,lyingPaella5,unhappyPie7,Dagger,Victory,66
11-Mar-2022,804681,thriftyWidgeon0,selfishCur4,Dagger,Hit,66
11-Mar-2022,804681,thriftyWidgeon0,selfishCur4,Dagger,Parry,0
11-Mar-2022,804681,thriftyWidgeon0,selfishCur4,Dagger,Miss,0
11-Mar-2022,804681,selfishCur4,thriftyWidgeon0,slingshot,Miss,0
11-Mar-2022,804681,thriftyWidgeon0,selfishCur4,Dagger,Miss,0
11-Mar-2022,804681,thriftyWidgeon0,selfishCur4,Dagger,Parry,0
11-Mar-2022,804681,selfishCur4,thriftyWidgeon0,Axe,Victory,39
22-Jan-2023,454990,lyingJaguar0,pleasedFalcon4,Dagger,Miss,0
22-Jan-2023,454990,pleasedFalcon4,lyingJaguar0,Dagger,Hit,28
22-Jan-2023,454990,lyingJaguar0,pleasedFalcon4,Broadsword,Hit,89
22-Jan-2023,454990,lyingJaguar0,pleasedFalcon4,Broadsword,Hit,32
22-Jan-2023,454990,pleasedFalcon4,lyingJaguar0,Dagger,Parry,0
22-Jan-2023,454990,lyingJaguar0,pleasedFalcon4,Axe,Miss,0
22-Jan-2023,454990,lyingJaguar0,pleasedFalcon4,Broadsword,Miss,0
22-Jan-2023,454990,pleasedFalcon4,lyingJaguar0,Dagger,Parry,0
22-Jan-2023,454990,pleasedFalcon4,lyingJaguar0,Dagger,Miss,0
22-Jan-2023,454990,pleasedFalcon4,lyingJaguar0,Dagger,Hit,43
22-Jan-2023,454990,pleasedFalcon4,lyingJaguar0,Dagger,Victory,37
30-Oct-2020,312096,forsakenOil9,juju97,Broadsword,Parry,0
30-Oct-2020,312096,juju97,forsakenOil9,Broadsword,Hit,42
30-Oct-2020,312096,juju97,forsakenOil9,Dagger,Hit,38
30-Oct-2020,312096,juju97,forsakenOil9,slingshot,Miss,0
30-Oct-2020,312096,juju97,forsakenOil9,slingshot,Parry,0
30-Oct-2020,312096,juju97,forsakenOil9,Dagger,Parry,0
30-Oct-2020,312096,juju97,forsakenOil9,Broadsword,Miss,0
30-Oct-2020,312096,forsakenOil9,juju97,Broadsword,Miss,0
30-Oct-2020,312096,juju97,forsakenOil9,slingshot,Victory,28
24-Apr-2021,754915,juju97,lyingJaguar0,Dagger,Parry,0
24-Apr-2021,754915,lyingJaguar0,juju97,Dagger,Hit,83
24-Apr-2021,754915,lyingJaguar0,juju97,Axe,Hit,99
24-Apr-2021,754915,lyingJaguar0,juju97,Broadsword,Miss,0
24-Apr-2021,754915,lyingJaguar0,juju97,Broadsword,Miss,0
24-Apr-2021,754915,juju97,lyingJaguar0,Dagger,Victory,70
06-Aug-2021,976250,needyPolenta1,juju97,Dagger,Parry,0
06-Aug-2021,976250,needyPolenta1,juju97,slingshot,Hit,45
06-Aug-2021,976250,needyPolenta1,juju97,Broadsword,Hit,68
06-Aug-2021,976250,juju97,needyPolenta1,Dagger,Miss,0
06-Aug-2021,976250,needyPolenta1,juju97,Broadsword,Parry,0
06-Aug-2021,976250,needyPolenta1,juju97,Dagger,Parry,0
06-Aug-2021,976250,juju97,needyPolenta1,slingshot,Victory,33
21-Jan-2022,513088,exactingRaisins9,fondHare4,Broadsword,Hit,85
21-Jan-2022,513088,fondHare4,exactingRaisins9,Broadsword,Hit,99
21-Jan-2022,513088,exactingRaisins9,fondHare4,Broadsword,Hit,43
21-Jan-2022,513088,exactingRaisins9,fondHare4,Broadsword,Miss,0
21-Jan-2022,513088,fondHare4,exactingRaisins9,Broadsword,Parry,0
21-Jan-2022,513088,exactingRaisins9,fondHare4,Broadsword,Victory,57
27-Jan-2022,854997,decimalJaguar2,pleasedFalcon4,Broadsword,Miss,0
27-Jan-2022,854997,pleasedFalcon4,decimalJaguar2,Dagger,Hit,86
27-Jan-2022,854997,pleasedFalcon4,decimalJaguar2,Dagger,Hit,32
27-Jan-2022,854997,pleasedFalcon4,decimalJaguar2,Dagger,Hit,66
27-Jan-2022,854997,decimalJaguar2,pleasedFalcon4,Broadsword,Parry,0
27-Jan-2022,854997,decimalJaguar2,pleasedFalcon4,Axe,Hit,22
27-Jan-2022,854997,pleasedFalcon4,decimalJaguar2,Dagger,Hit,84
27-Jan-2022,854997,decimalJaguar2,pleasedFalcon4,Broadsword,Parry,0
27-Jan-2022,854997,decimalJaguar2,pleasedFalcon4,Axe,Parry,0
27-Jan-2022,854997,decimalJaguar2,pleasedFalcon4,Axe,Victory,91
06-Oct-2020,432278,needyPolenta1,cheerfulCrackers1,Dagger,Parry,0
06-Oct-2020,432278,cheerfulCrackers1,needyPolenta1,slingshot,Parry,0
06-Oct-2020,432278,needyPolenta1,cheerfulCrackers1,Broadsword,Parry,0
06-Oct-2020,432278,needyPolenta1,cheerfulCrackers1,slingshot,Miss,0
06-Oct-2020,432278,needyPolenta1,cheerfulCrackers1,Dagger,Parry,0
06-Oct-2020,432278,cheerfulCrackers1,needyPolenta1,slingshot,Parry,0
06-Oct-2020,432278,needyPolenta1,cheerfulCrackers1,Dagger,Miss,0
06-Oct-2020,432278,cheerfulCrackers1,needyPolenta1,slingshot,Hit,61
06-Oct-2020,432278,cheerfulCrackers1,needyPolenta1,slingshot,Victory,67
31-Jan-2021,759722,fondHare4,unhappyPie7,Broadsword,Miss,0
31-Jan-2021,759722,unhappyPie7,fondHare4,Axe,Miss,0
31-Jan-2021,759722,fondHare4,unhappyPie7,Broadsword,Hit,85
31-Jan-2021,759722,unhappyPie7,fondHare4,Broadsword,Hit,21
31-Jan-2021,759722,fondHare4,unhappyPie7,Dagger,Parry,0
31-Jan-2021,759722,unhappyPie7,fondHare4,Dagger,Miss,0
31-Jan-2021,759722,unhappyPie7,fondHare4,Broadsword,Hit,60
31-Jan-2021,759722,unhappyPie7,fondHare4,Broadsword,Parry,0
31-Jan-2021,759722,unhappyPie7,fondHare4,Dagger,Hit,60
31-Jan-2021,759722,fondHare4,unhappyPie7,Broadsword,Miss,0
31-Jan-2021,759722,unhappyPie7,fondHare4,slingshot,Victory,38
30-Dec-2020,685943,juju97,soreBasmati4,Dagger,Hit,37
30-Dec-2020,685943,juju97,soreBasmati4,Broadsword,Parry,0
30-Dec-2020,685943,soreBasmati4,juju97,slingshot,Miss,0
30-Dec-2020,685943,soreBasmati4,juju97,Dagger,Hit,67
30-Dec-2020,685943,juju97,soreBasmati4,Broadsword,Miss,0
30-Dec-2020,685943,soreBasmati4,juju97,slingshot,Parry,0
30-Dec-2020,685943,juju97,soreBasmati4,Dagger,Victory,51
17-Jan-2023,191564,pluckyCaribou1,pitifulLion2,slingshot,Hit,72
17-Jan-2023,191564,pluckyCaribou1,pitifulLion2,slingshot,Hit,77
17-Jan-2023,191564,pitifulLion2,pluckyCaribou1,Axe,Parry,0
17-Jan-2023,191564,pluckyCaribou1,pitifulLion2,slingshot,Hit,24
17-Jan-2023,191564,pitifulLion2,pluckyCaribou1,Axe,Parry,0
17-Jan-2023,191564,pitifulLion2,pluckyCaribou1,Axe,Victory,58
05-Jan-2022,273961,lyingPaella5,madCrackers0,Axe,Miss,0
05-Jan-2022,273961,madCrackers0,lyingPaella5,Broadsword,Miss,0
05-Jan-2022,273961,lyingPaella5,madCrackers0,Axe,Miss,0
05-Jan-2022,273961,madCrackers0,lyingPaella5,Broadsword,Parry,0
05-Jan-2022,273961,madCrackers0,lyingPaella5,Broadsword,Miss,0
05-Jan-2022,273961,madCrackers0,lyingPaella5,Dagger,Parry,0
05-Jan-2022,273961,madCrackers0,lyingPaella5,Broadsword,Parry,0
05-Jan-2022,273961,madCrackers0,lyingPaella5,Broadsword,Miss,0
05-Jan-2022,273961,madCrackers0,lyingPaella5,Dagger,Victory,73
15-May-2022,230297,pluckyCaribou1,pleasedFalcon4,slingshot,Miss,0
15-May-2022,230297,pluckyCaribou1,pleasedFalcon4,slingshot,Parry,0
15-May-2022,230297,pleasedFalcon4,pluckyCaribou1,Dagger,Miss,0
15-May-2022,230297,pluckyCaribou1,pleasedFalcon4,Axe,Hit,38
15-May-2022,230297,pluckyCaribou1,pleasedFalcon4,slingshot,Parry,0
15-May-2022,230297,pleasedFalcon4,pluckyCaribou1,Dagger,Hit,89
15-May-2022,230297,pleasedFalcon4,pluckyCaribou1,Dagger,Hit,18
15-May-2022,230297,pleasedFalcon4,pluckyCaribou1,Dagger,Miss,0
15-May-2022,230297,pluckyCaribou1,pleasedFalcon4,slingshot,Parry,0
15-May-2022,230297,pleasedFalcon4,pluckyCaribou1,Dagger,Victory,93
30-Dec-2022,750584,exactingRaisins9,jumpyRuffs4,Broadsword,Hit,64
30-Dec-2022,750584,exactingRaisins9,jumpyRuffs4,Broadsword,Miss,0
30-Dec-2022,750584,jumpyRuffs4,exactingRaisins9,Axe,Hit,74
30-Dec-2022,750584,exactingRaisins9,jumpyRuffs4,Broadsword,Miss,0
30-Dec-2022,750584,exactingRaisins9,jumpyRuffs4,Broadsword,Parry,0
30-Dec-2022,750584,jumpyRuffs4,exactingRaisins9,Axe,Hit,79
30-Dec-2022,750584,jumpyRuffs4,exactingRaisins9,Axe,Miss,0
30-Dec-2022,750584,jumpyRuffs4,exactingRaisins9,Axe,Hit,40
30-Dec-2022,750584,exactingRaisins9,jumpyRuffs4,Broadsword,Hit,46
30-Dec-2022,750584,exactingRaisins9,jumpyRuffs4,Broadsword,Parry,0
30-Dec-2022,750584,jumpyRuffs4,exactingRaisins9,Axe,Victory,64
